num_removed,num_extinct,prop_removed,prop_remain,cancer,run_type,sim,run_name
0,0,0,1,BRCA,by_module,321,by_module_321
1,15,0.06666666666666667,0.9746621621621622,BRCA,by_module,321,by_module_321
2,40,0.13333333333333333,0.9324324324324325,BRCA,by_module,321,by_module_321
3,73,0.2,0.8766891891891891,BRCA,by_module,321,by_module_321
4,138,0.26666666666666666,0.7668918918918919,BRCA,by_module,321,by_module_321
5,263,0.3333333333333333,0.5557432432432432,BRCA,by_module,321,by_module_321
6,299,0.4,0.49493243243243246,BRCA,by_module,321,by_module_321
7,339,0.4666666666666667,0.4273648648648649,BRCA,by_module,321,by_module_321
8,395,0.5333333333333333,0.3327702702702703,BRCA,by_module,321,by_module_321
9,415,0.6,0.2989864864864865,BRCA,by_module,321,by_module_321
10,430,0.6666666666666666,0.2736486486486487,BRCA,by_module,321,by_module_321
11,464,0.7333333333333333,0.21621621621621623,BRCA,by_module,321,by_module_321
12,493,0.8,0.16722972972972971,BRCA,by_module,321,by_module_321
13,516,0.8666666666666667,0.1283783783783784,BRCA,by_module,321,by_module_321
14,557,0.9333333333333333,0.0591216216216216,BRCA,by_module,321,by_module_321
15,592,1,0,BRCA,by_module,321,by_module_321
0,0,0,1,COAD,by_module,321,by_module_321
1,24,0.06666666666666667,0.9727582292849035,COAD,by_module,321,by_module_321
2,62,0.13333333333333333,0.9296254256526675,COAD,by_module,321,by_module_321
3,94,0.2,0.8933030646992055,COAD,by_module,321,by_module_321
4,112,0.26666666666666666,0.8728717366628831,COAD,by_module,321,by_module_321
5,143,0.3333333333333333,0.8376844494892168,COAD,by_module,321,by_module_321
6,173,0.4,0.8036322360953462,COAD,by_module,321,by_module_321
7,183,0.4666666666666667,0.7922814982973894,COAD,by_module,321,by_module_321
8,222,0.5333333333333333,0.7480136208853576,COAD,by_module,321,by_module_321
9,290,0.6,0.6708286038592508,COAD,by_module,321,by_module_321
10,492,0.6666666666666666,0.44154370034052215,COAD,by_module,321,by_module_321
11,534,0.7333333333333333,0.39387060158910325,COAD,by_module,321,by_module_321
12,650,0.8,0.2622020431328036,COAD,by_module,321,by_module_321
13,705,0.8666666666666667,0.19977298524404086,COAD,by_module,321,by_module_321
14,816,0.9333333333333333,0.07377979568671966,COAD,by_module,321,by_module_321
15,881,1,0,COAD,by_module,321,by_module_321
0,0,0,1,HNSC,by_module,321,by_module_321
1,12,0.06666666666666667,0.985239852398524,HNSC,by_module,321,by_module_321
2,48,0.13333333333333333,0.940959409594096,HNSC,by_module,321,by_module_321
3,61,0.2,0.9249692496924969,HNSC,by_module,321,by_module_321
4,98,0.26666666666666666,0.8794587945879458,HNSC,by_module,321,by_module_321
5,179,0.3333333333333333,0.7798277982779828,HNSC,by_module,321,by_module_321
6,264,0.4,0.6752767527675276,HNSC,by_module,321,by_module_321
7,397,0.4666666666666667,0.5116851168511685,HNSC,by_module,321,by_module_321
8,468,0.5333333333333333,0.42435424354243545,HNSC,by_module,321,by_module_321
9,508,0.6,0.3751537515375154,HNSC,by_module,321,by_module_321
10,580,0.6666666666666666,0.2865928659286593,HNSC,by_module,321,by_module_321
11,627,0.7333333333333333,0.22878228782287824,HNSC,by_module,321,by_module_321
12,726,0.8,0.1070110701107011,HNSC,by_module,321,by_module_321
13,793,0.8666666666666667,0.024600246002460024,HNSC,by_module,321,by_module_321
14,804,0.9333333333333333,0.011070110701106972,HNSC,by_module,321,by_module_321
15,813,1,0,HNSC,by_module,321,by_module_321
0,0,0,1,KIRC,by_module,321,by_module_321
1,71,0.06666666666666667,0.9259645464025026,KIRC,by_module,321,by_module_321
2,104,0.13333333333333333,0.8915537017726799,KIRC,by_module,321,by_module_321
3,163,0.2,0.8300312825860271,KIRC,by_module,321,by_module_321
4,214,0.26666666666666666,0.7768508863399375,KIRC,by_module,321,by_module_321
5,272,0.3333333333333333,0.7163712200208551,KIRC,by_module,321,by_module_321
6,345,0.4,0.6402502606882169,KIRC,by_module,321,by_module_321
7,365,0.4666666666666667,0.6193952033368092,KIRC,by_module,321,by_module_321
8,374,0.5333333333333333,0.6100104275286757,KIRC,by_module,321,by_module_321
9,396,0.6,0.5870698644421273,KIRC,by_module,321,by_module_321
10,456,0.6666666666666666,0.5245046923879041,KIRC,by_module,321,by_module_321
11,473,0.7333333333333333,0.5067778936392076,KIRC,by_module,321,by_module_321
12,546,0.8,0.43065693430656937,KIRC,by_module,321,by_module_321
13,670,0.8666666666666667,0.30135557872784147,KIRC,by_module,321,by_module_321
14,901,0.9333333333333333,0.060479666319082415,KIRC,by_module,321,by_module_321
15,959,1,0,KIRC,by_module,321,by_module_321
0,0,0,1,KIRP,by_module,321,by_module_321
1,20,0.06666666666666667,0.9809342230695901,KIRP,by_module,321,by_module_321
2,22,0.13333333333333333,0.9790276453765491,KIRP,by_module,321,by_module_321
3,31,0.2,0.9704480457578646,KIRP,by_module,321,by_module_321
4,54,0.26666666666666666,0.9485224022878932,KIRP,by_module,321,by_module_321
5,195,0.3333333333333333,0.8141086749285034,KIRP,by_module,321,by_module_321
6,272,0.4,0.7407054337464252,KIRP,by_module,321,by_module_321
7,389,0.4666666666666667,0.6291706387035272,KIRP,by_module,321,by_module_321
8,400,0.5333333333333333,0.6186844613918017,KIRP,by_module,321,by_module_321
9,423,0.6,0.5967588179218304,KIRP,by_module,321,by_module_321
10,472,0.6666666666666666,0.550047664442326,KIRP,by_module,321,by_module_321
11,533,0.7333333333333333,0.49189704480457574,KIRP,by_module,321,by_module_321
12,623,0.8,0.4061010486177312,KIRP,by_module,321,by_module_321
13,732,0.8666666666666667,0.30219256434699715,KIRP,by_module,321,by_module_321
14,872,0.9333333333333333,0.16873212583412778,KIRP,by_module,321,by_module_321
15,1049,1,0,KIRP,by_module,321,by_module_321
0,0,0,1,LIHC,by_module,321,by_module_321
1,10,0.06666666666666667,0.9877149877149877,LIHC,by_module,321,by_module_321
2,28,0.13333333333333333,0.9656019656019657,LIHC,by_module,321,by_module_321
3,58,0.2,0.9287469287469288,LIHC,by_module,321,by_module_321
4,115,0.26666666666666666,0.8587223587223587,LIHC,by_module,321,by_module_321
5,210,0.3333333333333333,0.742014742014742,LIHC,by_module,321,by_module_321
6,246,0.4,0.6977886977886978,LIHC,by_module,321,by_module_321
7,275,0.4666666666666667,0.6621621621621622,LIHC,by_module,321,by_module_321
8,353,0.5333333333333333,0.5663390663390664,LIHC,by_module,321,by_module_321
9,404,0.6,0.5036855036855037,LIHC,by_module,321,by_module_321
10,451,0.6666666666666666,0.44594594594594594,LIHC,by_module,321,by_module_321
11,536,0.7333333333333333,0.3415233415233415,LIHC,by_module,321,by_module_321
12,629,0.8,0.2272727272727273,LIHC,by_module,321,by_module_321
13,685,0.8666666666666667,0.15847665847665848,LIHC,by_module,321,by_module_321
14,761,0.9333333333333333,0.06511056511056512,LIHC,by_module,321,by_module_321
15,814,1,0,LIHC,by_module,321,by_module_321
0,0,0,1,LUAD,by_module,321,by_module_321
1,65,0.06666666666666667,0.8985959438377535,LUAD,by_module,321,by_module_321
2,92,0.13333333333333333,0.8564742589703588,LUAD,by_module,321,by_module_321
3,117,0.2,0.8174726989079564,LUAD,by_module,321,by_module_321
4,151,0.26666666666666666,0.7644305772230889,LUAD,by_module,321,by_module_321
5,239,0.3333333333333333,0.6271450858034322,LUAD,by_module,321,by_module_321
6,280,0.4,0.563182527301092,LUAD,by_module,321,by_module_321
7,309,0.4666666666666667,0.5179407176287052,LUAD,by_module,321,by_module_321
8,407,0.5333333333333333,0.36505460218408736,LUAD,by_module,321,by_module_321
9,434,0.6,0.3229329173166927,LUAD,by_module,321,by_module_321
10,457,0.6666666666666666,0.2870514820592823,LUAD,by_module,321,by_module_321
11,512,0.7333333333333333,0.20124804992199685,LUAD,by_module,321,by_module_321
12,547,0.8,0.14664586583463335,LUAD,by_module,321,by_module_321
13,584,0.8666666666666667,0.088923556942277715,LUAD,by_module,321,by_module_321
14,613,0.9333333333333333,0.043681747269890825,LUAD,by_module,321,by_module_321
15,641,1,0,LUAD,by_module,321,by_module_321
0,0,0,1,LUSC,by_module,321,by_module_321
1,51,0.06666666666666667,0.9108391608391608,LUSC,by_module,321,by_module_321
2,93,0.13333333333333333,0.8374125874125874,LUSC,by_module,321,by_module_321
3,150,0.2,0.7377622377622377,LUSC,by_module,321,by_module_321
4,179,0.26666666666666666,0.6870629370629371,LUSC,by_module,321,by_module_321
5,217,0.3333333333333333,0.6206293706293706,LUSC,by_module,321,by_module_321
6,241,0.4,0.5786713286713286,LUSC,by_module,321,by_module_321
7,275,0.4666666666666667,0.5192307692307692,LUSC,by_module,321,by_module_321
8,309,0.5333333333333333,0.4597902097902098,LUSC,by_module,321,by_module_321
9,362,0.6,0.3671328671328671,LUSC,by_module,321,by_module_321
10,399,0.6666666666666666,0.3024475524475524,LUSC,by_module,321,by_module_321
11,451,0.7333333333333333,0.21153846153846156,LUSC,by_module,321,by_module_321
12,486,0.8,0.1503496503496503,LUSC,by_module,321,by_module_321
13,545,0.8666666666666667,0.047202797202797186,LUSC,by_module,321,by_module_321
14,564,0.9333333333333333,0.013986013986013957,LUSC,by_module,321,by_module_321
15,572,1,0,LUSC,by_module,321,by_module_321
0,0,0,1,PRAD,by_module,321,by_module_321
1,20,0.06666666666666667,0.9764705882352941,PRAD,by_module,321,by_module_321
2,35,0.13333333333333333,0.9588235294117647,PRAD,by_module,321,by_module_321
3,64,0.2,0.9247058823529412,PRAD,by_module,321,by_module_321
4,142,0.26666666666666666,0.8329411764705883,PRAD,by_module,321,by_module_321
5,189,0.3333333333333333,0.7776470588235294,PRAD,by_module,321,by_module_321
6,326,0.4,0.6164705882352941,PRAD,by_module,321,by_module_321
7,442,0.4666666666666667,0.48,PRAD,by_module,321,by_module_321
8,451,0.5333333333333333,0.4694117647058823,PRAD,by_module,321,by_module_321
9,488,0.6,0.4258823529411765,PRAD,by_module,321,by_module_321
10,489,0.6666666666666666,0.42470588235294116,PRAD,by_module,321,by_module_321
11,533,0.7333333333333333,0.3729411764705882,PRAD,by_module,321,by_module_321
12,584,0.8,0.3129411764705883,PRAD,by_module,321,by_module_321
13,639,0.8666666666666667,0.2482352941176471,PRAD,by_module,321,by_module_321
14,692,0.9333333333333333,0.1858823529411765,PRAD,by_module,321,by_module_321
15,850,1,0,PRAD,by_module,321,by_module_321
0,0,0,1,STAD,by_module,321,by_module_321
1,14,0.06666666666666667,0.9817945383615084,STAD,by_module,321,by_module_321
2,28,0.13333333333333333,0.9635890767230169,STAD,by_module,321,by_module_321
3,61,0.2,0.9206762028608583,STAD,by_module,321,by_module_321
4,102,0.26666666666666666,0.8673602080624188,STAD,by_module,321,by_module_321
5,112,0.3333333333333333,0.8543563068920677,STAD,by_module,321,by_module_321
6,157,0.4,0.7958387516254877,STAD,by_module,321,by_module_321
7,229,0.4666666666666667,0.7022106631989598,STAD,by_module,321,by_module_321
8,284,0.5333333333333333,0.6306892067620287,STAD,by_module,321,by_module_321
9,325,0.6,0.577373211963589,STAD,by_module,321,by_module_321
10,364,0.6666666666666666,0.5266579973992198,STAD,by_module,321,by_module_321
11,485,0.7333333333333333,0.36931079323797145,STAD,by_module,321,by_module_321
12,561,0.8,0.27048114434330295,STAD,by_module,321,by_module_321
13,601,0.8666666666666667,0.21846553966189852,STAD,by_module,321,by_module_321
14,668,0.9333333333333333,0.13133940182054615,STAD,by_module,321,by_module_321
15,769,1,0,STAD,by_module,321,by_module_321
0,0,0,1,THCA,by_module,321,by_module_321
1,20,0.06666666666666667,0.9801783944499505,THCA,by_module,321,by_module_321
2,32,0.13333333333333333,0.9682854311199207,THCA,by_module,321,by_module_321
3,44,0.2,0.956392467789891,THCA,by_module,321,by_module_321
4,63,0.26666666666666666,0.9375619425173439,THCA,by_module,321,by_module_321
5,179,0.3333333333333333,0.8225966303270564,THCA,by_module,321,by_module_321
6,357,0.4,0.6461843409316155,THCA,by_module,321,by_module_321
7,447,0.4666666666666667,0.5569871159563924,THCA,by_module,321,by_module_321
8,468,0.5333333333333333,0.5361744301288405,THCA,by_module,321,by_module_321
9,522,0.6,0.48265609514370666,THCA,by_module,321,by_module_321
10,544,0.6666666666666666,0.46085232903865214,THCA,by_module,321,by_module_321
11,688,0.7333333333333333,0.31813676907829536,THCA,by_module,321,by_module_321
12,747,0.8,0.25966303270564917,THCA,by_module,321,by_module_321
13,826,0.8666666666666667,0.18136769078295345,THCA,by_module,321,by_module_321
14,876,0.9333333333333333,0.13181367690782952,THCA,by_module,321,by_module_321
15,1009,1,0,THCA,by_module,321,by_module_321
0,0,0,1,UCEC,by_module,321,by_module_321
1,32,0.06666666666666667,0.9602484472049689,UCEC,by_module,321,by_module_321
2,55,0.13333333333333333,0.9316770186335404,UCEC,by_module,321,by_module_321
3,93,0.2,0.884472049689441,UCEC,by_module,321,by_module_321
4,114,0.26666666666666666,0.8583850931677018,UCEC,by_module,321,by_module_321
5,196,0.3333333333333333,0.7565217391304347,UCEC,by_module,321,by_module_321
6,216,0.4,0.7316770186335404,UCEC,by_module,321,by_module_321
7,274,0.4666666666666667,0.6596273291925465,UCEC,by_module,321,by_module_321
8,286,0.5333333333333333,0.6447204968944099,UCEC,by_module,321,by_module_321
9,312,0.6,0.6124223602484472,UCEC,by_module,321,by_module_321
10,337,0.6666666666666666,0.5813664596273291,UCEC,by_module,321,by_module_321
11,355,0.7333333333333333,0.5590062111801242,UCEC,by_module,321,by_module_321
12,392,0.8,0.5130434782608695,UCEC,by_module,321,by_module_321
13,606,0.8666666666666667,0.24720496894409938,UCEC,by_module,321,by_module_321
14,671,0.9333333333333333,0.1664596273291925,UCEC,by_module,321,by_module_321
15,805,1,0,UCEC,by_module,321,by_module_321
0,0,0,1,BRCA,by_module,231,by_module_231
1,24,0.06666666666666667,0.9594594594594594,BRCA,by_module,231,by_module_231
2,43,0.13333333333333333,0.9273648648648649,BRCA,by_module,231,by_module_231
3,106,0.2,0.8209459459459459,BRCA,by_module,231,by_module_231
4,181,0.26666666666666666,0.6942567567567568,BRCA,by_module,231,by_module_231
5,217,0.3333333333333333,0.6334459459459459,BRCA,by_module,231,by_module_231
6,253,0.4,0.5726351351351351,BRCA,by_module,231,by_module_231
7,339,0.4666666666666667,0.4273648648648649,BRCA,by_module,231,by_module_231
8,395,0.5333333333333333,0.3327702702702703,BRCA,by_module,231,by_module_231
9,415,0.6,0.2989864864864865,BRCA,by_module,231,by_module_231
10,430,0.6666666666666666,0.2736486486486487,BRCA,by_module,231,by_module_231
11,464,0.7333333333333333,0.21621621621621623,BRCA,by_module,231,by_module_231
12,493,0.8,0.16722972972972971,BRCA,by_module,231,by_module_231
13,516,0.8666666666666667,0.1283783783783784,BRCA,by_module,231,by_module_231
14,557,0.9333333333333333,0.0591216216216216,BRCA,by_module,231,by_module_231
15,592,1,0,BRCA,by_module,231,by_module_231
0,0,0,1,COAD,by_module,231,by_module_231
1,37,0.06666666666666667,0.9580022701475596,COAD,by_module,231,by_module_231
2,69,0.13333333333333333,0.9216799091940976,COAD,by_module,231,by_module_231
3,87,0.2,0.9012485811577753,COAD,by_module,231,by_module_231
4,111,0.26666666666666666,0.8740068104426788,COAD,by_module,231,by_module_231
5,141,0.3333333333333333,0.8399545970488081,COAD,by_module,231,by_module_231
6,151,0.4,0.8286038592508513,COAD,by_module,231,by_module_231
7,183,0.4666666666666667,0.7922814982973894,COAD,by_module,231,by_module_231
8,222,0.5333333333333333,0.7480136208853576,COAD,by_module,231,by_module_231
9,290,0.6,0.6708286038592508,COAD,by_module,231,by_module_231
10,492,0.6666666666666666,0.44154370034052215,COAD,by_module,231,by_module_231
11,534,0.7333333333333333,0.39387060158910325,COAD,by_module,231,by_module_231
12,650,0.8,0.2622020431328036,COAD,by_module,231,by_module_231
13,705,0.8666666666666667,0.19977298524404086,COAD,by_module,231,by_module_231
14,816,0.9333333333333333,0.07377979568671966,COAD,by_module,231,by_module_231
15,881,1,0,COAD,by_module,231,by_module_231
0,0,0,1,HNSC,by_module,231,by_module_231
1,30,0.06666666666666667,0.96309963099631,HNSC,by_module,231,by_module_231
2,40,0.13333333333333333,0.95079950799508,HNSC,by_module,231,by_module_231
3,62,0.2,0.923739237392374,HNSC,by_module,231,by_module_231
4,136,0.26666666666666666,0.8327183271832719,HNSC,by_module,231,by_module_231
5,203,0.3333333333333333,0.7503075030750308,HNSC,by_module,231,by_module_231
6,288,0.4,0.6457564575645757,HNSC,by_module,231,by_module_231
7,397,0.4666666666666667,0.5116851168511685,HNSC,by_module,231,by_module_231
8,468,0.5333333333333333,0.42435424354243545,HNSC,by_module,231,by_module_231
9,508,0.6,0.3751537515375154,HNSC,by_module,231,by_module_231
10,580,0.6666666666666666,0.2865928659286593,HNSC,by_module,231,by_module_231
11,627,0.7333333333333333,0.22878228782287824,HNSC,by_module,231,by_module_231
12,726,0.8,0.1070110701107011,HNSC,by_module,231,by_module_231
13,793,0.8666666666666667,0.024600246002460024,HNSC,by_module,231,by_module_231
14,804,0.9333333333333333,0.011070110701106972,HNSC,by_module,231,by_module_231
15,813,1,0,HNSC,by_module,231,by_module_231
0,0,0,1,KIRC,by_module,231,by_module_231
1,30,0.06666666666666667,0.9687174139728885,KIRC,by_module,231,by_module_231
2,85,0.13333333333333333,0.9113660062565172,KIRC,by_module,231,by_module_231
3,133,0.2,0.8613138686131387,KIRC,by_module,231,by_module_231
4,173,0.26666666666666666,0.8196037539103233,KIRC,by_module,231,by_module_231
5,243,0.3333333333333333,0.7466110531803962,KIRC,by_module,231,by_module_231
6,263,0.4,0.7257559958289885,KIRC,by_module,231,by_module_231
7,365,0.4666666666666667,0.6193952033368092,KIRC,by_module,231,by_module_231
8,374,0.5333333333333333,0.6100104275286757,KIRC,by_module,231,by_module_231
9,396,0.6,0.5870698644421273,KIRC,by_module,231,by_module_231
10,456,0.6666666666666666,0.5245046923879041,KIRC,by_module,231,by_module_231
11,473,0.7333333333333333,0.5067778936392076,KIRC,by_module,231,by_module_231
12,546,0.8,0.43065693430656937,KIRC,by_module,231,by_module_231
13,670,0.8666666666666667,0.30135557872784147,KIRC,by_module,231,by_module_231
14,901,0.9333333333333333,0.060479666319082415,KIRC,by_module,231,by_module_231
15,959,1,0,KIRC,by_module,231,by_module_231
0,0,0,1,KIRP,by_module,231,by_module_231
1,2,0.06666666666666667,0.998093422306959,KIRP,by_module,231,by_module_231
2,10,0.13333333333333333,0.990467111534795,KIRP,by_module,231,by_module_231
3,29,0.2,0.9723546234509056,KIRP,by_module,231,by_module_231
4,94,0.26666666666666666,0.9103908484270734,KIRP,by_module,231,by_module_231
5,112,0.3333333333333333,0.8932316491897044,KIRP,by_module,231,by_module_231
6,185,0.4,0.8236415633937083,KIRP,by_module,231,by_module_231
7,389,0.4666666666666667,0.6291706387035272,KIRP,by_module,231,by_module_231
8,400,0.5333333333333333,0.6186844613918017,KIRP,by_module,231,by_module_231
9,423,0.6,0.5967588179218304,KIRP,by_module,231,by_module_231
10,472,0.6666666666666666,0.550047664442326,KIRP,by_module,231,by_module_231
11,533,0.7333333333333333,0.49189704480457574,KIRP,by_module,231,by_module_231
12,623,0.8,0.4061010486177312,KIRP,by_module,231,by_module_231
13,732,0.8666666666666667,0.30219256434699715,KIRP,by_module,231,by_module_231
14,872,0.9333333333333333,0.16873212583412778,KIRP,by_module,231,by_module_231
15,1049,1,0,KIRP,by_module,231,by_module_231
0,0,0,1,LIHC,by_module,231,by_module_231
1,18,0.06666666666666667,0.9778869778869779,LIHC,by_module,231,by_module_231
2,46,0.13333333333333333,0.9434889434889435,LIHC,by_module,231,by_module_231
3,102,0.2,0.8746928746928747,LIHC,by_module,231,by_module_231
4,196,0.26666666666666666,0.7592137592137592,LIHC,by_module,231,by_module_231
5,232,0.3333333333333333,0.714987714987715,LIHC,by_module,231,by_module_231
6,261,0.4,0.6793611793611793,LIHC,by_module,231,by_module_231
7,275,0.4666666666666667,0.6621621621621622,LIHC,by_module,231,by_module_231
8,353,0.5333333333333333,0.5663390663390664,LIHC,by_module,231,by_module_231
9,404,0.6,0.5036855036855037,LIHC,by_module,231,by_module_231
10,451,0.6666666666666666,0.44594594594594594,LIHC,by_module,231,by_module_231
11,536,0.7333333333333333,0.3415233415233415,LIHC,by_module,231,by_module_231
12,629,0.8,0.2272727272727273,LIHC,by_module,231,by_module_231
13,685,0.8666666666666667,0.15847665847665848,LIHC,by_module,231,by_module_231
14,761,0.9333333333333333,0.06511056511056512,LIHC,by_module,231,by_module_231
15,814,1,0,LIHC,by_module,231,by_module_231
0,0,0,1,LUAD,by_module,231,by_module_231
1,27,0.06666666666666667,0.9578783151326054,LUAD,by_module,231,by_module_231
2,52,0.13333333333333333,0.9188767550702028,LUAD,by_module,231,by_module_231
3,83,0.2,0.8705148205928237,LUAD,by_module,231,by_module_231
4,171,0.26666666666666666,0.7332293291731669,LUAD,by_module,231,by_module_231
5,195,0.3333333333333333,0.6957878315132605,LUAD,by_module,231,by_module_231
6,224,0.4,0.6505460218408736,LUAD,by_module,231,by_module_231
7,309,0.4666666666666667,0.5179407176287052,LUAD,by_module,231,by_module_231
8,407,0.5333333333333333,0.36505460218408736,LUAD,by_module,231,by_module_231
9,434,0.6,0.3229329173166927,LUAD,by_module,231,by_module_231
10,457,0.6666666666666666,0.2870514820592823,LUAD,by_module,231,by_module_231
11,512,0.7333333333333333,0.20124804992199685,LUAD,by_module,231,by_module_231
12,547,0.8,0.14664586583463335,LUAD,by_module,231,by_module_231
13,584,0.8666666666666667,0.088923556942277715,LUAD,by_module,231,by_module_231
14,613,0.9333333333333333,0.043681747269890825,LUAD,by_module,231,by_module_231
15,641,1,0,LUAD,by_module,231,by_module_231
0,0,0,1,LUSC,by_module,231,by_module_231
1,42,0.06666666666666667,0.9265734265734266,LUSC,by_module,231,by_module_231
2,98,0.13333333333333333,0.8286713286713286,LUSC,by_module,231,by_module_231
3,127,0.2,0.7779720279720279,LUSC,by_module,231,by_module_231
4,164,0.26666666666666666,0.7132867132867133,LUSC,by_module,231,by_module_231
5,187,0.3333333333333333,0.6730769230769231,LUSC,by_module,231,by_module_231
6,217,0.4,0.6206293706293706,LUSC,by_module,231,by_module_231
7,275,0.4666666666666667,0.5192307692307692,LUSC,by_module,231,by_module_231
8,309,0.5333333333333333,0.4597902097902098,LUSC,by_module,231,by_module_231
9,362,0.6,0.3671328671328671,LUSC,by_module,231,by_module_231
10,399,0.6666666666666666,0.3024475524475524,LUSC,by_module,231,by_module_231
11,451,0.7333333333333333,0.21153846153846156,LUSC,by_module,231,by_module_231
12,486,0.8,0.1503496503496503,LUSC,by_module,231,by_module_231
13,545,0.8666666666666667,0.047202797202797186,LUSC,by_module,231,by_module_231
14,564,0.9333333333333333,0.013986013986013957,LUSC,by_module,231,by_module_231
15,572,1,0,LUSC,by_module,231,by_module_231
0,0,0,1,PRAD,by_module,231,by_module_231
1,14,0.06666666666666667,0.9835294117647059,PRAD,by_module,231,by_module_231
2,30,0.13333333333333333,0.9647058823529412,PRAD,by_module,231,by_module_231
3,73,0.2,0.9141176470588235,PRAD,by_module,231,by_module_231
4,109,0.26666666666666666,0.871764705882353,PRAD,by_module,231,by_module_231
5,232,0.3333333333333333,0.7270588235294118,PRAD,by_module,231,by_module_231
6,321,0.4,0.6223529411764706,PRAD,by_module,231,by_module_231
7,442,0.4666666666666667,0.48,PRAD,by_module,231,by_module_231
8,451,0.5333333333333333,0.4694117647058823,PRAD,by_module,231,by_module_231
9,488,0.6,0.4258823529411765,PRAD,by_module,231,by_module_231
10,489,0.6666666666666666,0.42470588235294116,PRAD,by_module,231,by_module_231
11,533,0.7333333333333333,0.3729411764705882,PRAD,by_module,231,by_module_231
12,584,0.8,0.3129411764705883,PRAD,by_module,231,by_module_231
13,639,0.8666666666666667,0.2482352941176471,PRAD,by_module,231,by_module_231
14,692,0.9333333333333333,0.1858823529411765,PRAD,by_module,231,by_module_231
15,850,1,0,PRAD,by_module,231,by_module_231
0,0,0,1,STAD,by_module,231,by_module_231
1,14,0.06666666666666667,0.9817945383615084,STAD,by_module,231,by_module_231
2,47,0.13333333333333333,0.9388816644993498,STAD,by_module,231,by_module_231
3,87,0.2,0.8868660598179454,STAD,by_module,231,by_module_231
4,94,0.26666666666666666,0.8777633289986996,STAD,by_module,231,by_module_231
5,137,0.3333333333333333,0.8218465539661899,STAD,by_module,231,by_module_231
6,209,0.4,0.728218465539662,STAD,by_module,231,by_module_231
7,229,0.4666666666666667,0.7022106631989598,STAD,by_module,231,by_module_231
8,284,0.5333333333333333,0.6306892067620287,STAD,by_module,231,by_module_231
9,325,0.6,0.577373211963589,STAD,by_module,231,by_module_231
10,364,0.6666666666666666,0.5266579973992198,STAD,by_module,231,by_module_231
11,485,0.7333333333333333,0.36931079323797145,STAD,by_module,231,by_module_231
12,561,0.8,0.27048114434330295,STAD,by_module,231,by_module_231
13,601,0.8666666666666667,0.21846553966189852,STAD,by_module,231,by_module_231
14,668,0.9333333333333333,0.13133940182054615,STAD,by_module,231,by_module_231
15,769,1,0,STAD,by_module,231,by_module_231
0,0,0,1,THCA,by_module,231,by_module_231
1,4,0.06666666666666667,0.9960356788899901,THCA,by_module,231,by_module_231
2,7,0.13333333333333333,0.9930624380574826,THCA,by_module,231,by_module_231
3,22,0.2,0.9781962338949455,THCA,by_module,231,by_module_231
4,68,0.26666666666666666,0.9326065411298315,THCA,by_module,231,by_module_231
5,118,0.3333333333333333,0.8830525272547076,THCA,by_module,231,by_module_231
6,170,0.4,0.8315163528245788,THCA,by_module,231,by_module_231
7,447,0.4666666666666667,0.5569871159563924,THCA,by_module,231,by_module_231
8,468,0.5333333333333333,0.5361744301288405,THCA,by_module,231,by_module_231
9,522,0.6,0.48265609514370666,THCA,by_module,231,by_module_231
10,544,0.6666666666666666,0.46085232903865214,THCA,by_module,231,by_module_231
11,688,0.7333333333333333,0.31813676907829536,THCA,by_module,231,by_module_231
12,747,0.8,0.25966303270564917,THCA,by_module,231,by_module_231
13,826,0.8666666666666667,0.18136769078295345,THCA,by_module,231,by_module_231
14,876,0.9333333333333333,0.13181367690782952,THCA,by_module,231,by_module_231
15,1009,1,0,THCA,by_module,231,by_module_231
0,0,0,1,UCEC,by_module,231,by_module_231
1,23,0.06666666666666667,0.9714285714285714,UCEC,by_module,231,by_module_231
2,61,0.13333333333333333,0.9242236024844721,UCEC,by_module,231,by_module_231
3,82,0.2,0.8981366459627329,UCEC,by_module,231,by_module_231
4,154,0.26666666666666666,0.808695652173913,UCEC,by_module,231,by_module_231
5,174,0.3333333333333333,0.7838509316770186,UCEC,by_module,231,by_module_231
6,228,0.4,0.7167701863354037,UCEC,by_module,231,by_module_231
7,274,0.4666666666666667,0.6596273291925465,UCEC,by_module,231,by_module_231
8,286,0.5333333333333333,0.6447204968944099,UCEC,by_module,231,by_module_231
9,312,0.6,0.6124223602484472,UCEC,by_module,231,by_module_231
10,337,0.6666666666666666,0.5813664596273291,UCEC,by_module,231,by_module_231
11,355,0.7333333333333333,0.5590062111801242,UCEC,by_module,231,by_module_231
12,392,0.8,0.5130434782608695,UCEC,by_module,231,by_module_231
13,606,0.8666666666666667,0.24720496894409938,UCEC,by_module,231,by_module_231
14,671,0.9333333333333333,0.1664596273291925,UCEC,by_module,231,by_module_231
15,805,1,0,UCEC,by_module,231,by_module_231
0,0,0,1,BRCA,by_module,312,by_module_312
1,15,0.06666666666666667,0.9746621621621622,BRCA,by_module,312,by_module_312
2,33,0.13333333333333333,0.9442567567567568,BRCA,by_module,312,by_module_312
3,51,0.2,0.9138513513513513,BRCA,by_module,312,by_module_312
4,66,0.26666666666666666,0.8885135135135135,BRCA,by_module,312,by_module_312
5,100,0.3333333333333333,0.8310810810810811,BRCA,by_module,312,by_module_312
6,128,0.4,0.7837837837837838,BRCA,by_module,312,by_module_312
7,140,0.4666666666666667,0.7635135135135135,BRCA,by_module,312,by_module_312
8,178,0.5333333333333333,0.6993243243243243,BRCA,by_module,312,by_module_312
9,192,0.6,0.6756756756756757,BRCA,by_module,312,by_module_312
10,219,0.6666666666666666,0.6300675675675675,BRCA,by_module,312,by_module_312
11,256,0.7333333333333333,0.5675675675675675,BRCA,by_module,312,by_module_312
12,377,0.8,0.36317567567567566,BRCA,by_module,312,by_module_312
13,512,0.8666666666666667,0.1351351351351351,BRCA,by_module,312,by_module_312
14,552,0.9333333333333333,0.06756756756756754,BRCA,by_module,312,by_module_312
15,592,1,0,BRCA,by_module,312,by_module_312
0,0,0,1,COAD,by_module,312,by_module_312
1,24,0.06666666666666667,0.9727582292849035,COAD,by_module,312,by_module_312
2,30,0.13333333333333333,0.9659477866061295,COAD,by_module,312,by_module_312
3,32,0.2,0.963677639046538,COAD,by_module,312,by_module_312
4,59,0.26666666666666666,0.9330306469920545,COAD,by_module,312,by_module_312
5,68,0.3333333333333333,0.9228149829738933,COAD,by_module,312,by_module_312
6,89,0.4,0.8989784335981839,COAD,by_module,312,by_module_312
7,116,0.4666666666666667,0.8683314415437003,COAD,by_module,312,by_module_312
8,164,0.5333333333333333,0.8138479001135074,COAD,by_module,312,by_module_312
9,210,0.6,0.7616345062429057,COAD,by_module,312,by_module_312
10,295,0.6666666666666666,0.6651532349602725,COAD,by_module,312,by_module_312
11,378,0.7333333333333333,0.5709421112372304,COAD,by_module,312,by_module_312
12,538,0.8,0.3893303064699205,COAD,by_module,312,by_module_312
13,653,0.8666666666666667,0.25879682179341656,COAD,by_module,312,by_module_312
14,775,0.9333333333333333,0.12031782065834284,COAD,by_module,312,by_module_312
15,881,1,0,COAD,by_module,312,by_module_312
0,0,0,1,HNSC,by_module,312,by_module_312
1,12,0.06666666666666667,0.985239852398524,HNSC,by_module,312,by_module_312
2,17,0.13333333333333333,0.9790897908979089,HNSC,by_module,312,by_module_312
3,25,0.2,0.9692496924969249,HNSC,by_module,312,by_module_312
4,29,0.26666666666666666,0.964329643296433,HNSC,by_module,312,by_module_312
5,44,0.3333333333333333,0.9458794587945879,HNSC,by_module,312,by_module_312
6,75,0.4,0.9077490774907749,HNSC,by_module,312,by_module_312
7,122,0.4666666666666667,0.8499384993849939,HNSC,by_module,312,by_module_312
8,132,0.5333333333333333,0.8376383763837638,HNSC,by_module,312,by_module_312
9,140,0.6,0.8277982779827798,HNSC,by_module,312,by_module_312
10,216,0.6666666666666666,0.7343173431734318,HNSC,by_module,312,by_module_312
11,247,0.7333333333333333,0.6961869618696187,HNSC,by_module,312,by_module_312
12,292,0.8,0.6408364083640836,HNSC,by_module,312,by_module_312
13,393,0.8666666666666667,0.5166051660516605,HNSC,by_module,312,by_module_312
14,588,0.9333333333333333,0.2767527675276753,HNSC,by_module,312,by_module_312
15,813,1,0,HNSC,by_module,312,by_module_312
0,0,0,1,KIRC,by_module,312,by_module_312
1,71,0.06666666666666667,0.9259645464025026,KIRC,by_module,312,by_module_312
2,77,0.13333333333333333,0.9197080291970803,KIRC,by_module,312,by_module_312
3,98,0.2,0.8978102189781022,KIRC,by_module,312,by_module_312
4,112,0.26666666666666666,0.8832116788321168,KIRC,by_module,312,by_module_312
5,120,0.3333333333333333,0.8748696558915536,KIRC,by_module,312,by_module_312
6,158,0.4,0.835245046923879,KIRC,by_module,312,by_module_312
7,272,0.4666666666666667,0.7163712200208551,KIRC,by_module,312,by_module_312
8,403,0.5333333333333333,0.5797705943691345,KIRC,by_module,312,by_module_312
9,456,0.6,0.5245046923879041,KIRC,by_module,312,by_module_312
10,518,0.6666666666666666,0.45985401459854014,KIRC,by_module,312,by_module_312
11,584,0.7333333333333333,0.39103232533889465,KIRC,by_module,312,by_module_312
12,723,0.8,0.24608967674661109,KIRC,by_module,312,by_module_312
13,823,0.8666666666666667,0.14181438998957252,KIRC,by_module,312,by_module_312
14,902,0.9333333333333333,0.05943691345151203,KIRC,by_module,312,by_module_312
15,959,1,0,KIRC,by_module,312,by_module_312
0,0,0,1,KIRP,by_module,312,by_module_312
1,20,0.06666666666666667,0.9809342230695901,KIRP,by_module,312,by_module_312
2,24,0.13333333333333333,0.9771210676835081,KIRP,by_module,312,by_module_312
3,29,0.2,0.9723546234509056,KIRP,by_module,312,by_module_312
4,35,0.26666666666666666,0.9666348903717826,KIRP,by_module,312,by_module_312
5,39,0.3333333333333333,0.9628217349857007,KIRP,by_module,312,by_module_312
6,48,0.4,0.9542421353670162,KIRP,by_module,312,by_module_312
7,65,0.4666666666666667,0.9380362249761678,KIRP,by_module,312,by_module_312
8,145,0.5333333333333333,0.8617731172545281,KIRP,by_module,312,by_module_312
9,267,0.6,0.7454718779790277,KIRP,by_module,312,by_module_312
10,280,0.6666666666666666,0.7330791229742613,KIRP,by_module,312,by_module_312
11,292,0.7333333333333333,0.7216396568160153,KIRP,by_module,312,by_module_312
12,447,0.8,0.5738798856053384,KIRP,by_module,312,by_module_312
13,594,0.8666666666666667,0.4337464251668256,KIRP,by_module,312,by_module_312
14,820,0.9333333333333333,0.21830314585319355,KIRP,by_module,312,by_module_312
15,1049,1,0,KIRP,by_module,312,by_module_312
0,0,0,1,LIHC,by_module,312,by_module_312
1,10,0.06666666666666667,0.9877149877149877,LIHC,by_module,312,by_module_312
2,37,0.13333333333333333,0.9545454545454546,LIHC,by_module,312,by_module_312
3,69,0.2,0.9152334152334153,LIHC,by_module,312,by_module_312
4,100,0.26666666666666666,0.8771498771498771,LIHC,by_module,312,by_module_312
5,175,0.3333333333333333,0.785012285012285,LIHC,by_module,312,by_module_312
6,185,0.4,0.7727272727272727,LIHC,by_module,312,by_module_312
7,229,0.4666666666666667,0.71867321867321865,LIHC,by_module,312,by_module_312
8,266,0.5333333333333333,0.6732186732186732,LIHC,by_module,312,by_module_312
9,300,0.6,0.6314496314496314,LIHC,by_module,312,by_module_312
10,460,0.6666666666666666,0.4348894348894349,LIHC,by_module,312,by_module_312
11,547,0.7333333333333333,0.32800982800982803,LIHC,by_module,312,by_module_312
12,610,0.8,0.2506142506142506,LIHC,by_module,312,by_module_312
13,720,0.8666666666666667,0.11547911547911549,LIHC,by_module,312,by_module_312
14,775,0.9333333333333333,0.04791154791154795,LIHC,by_module,312,by_module_312
15,814,1,0,LIHC,by_module,312,by_module_312
0,0,0,1,LUAD,by_module,312,by_module_312
1,65,0.06666666666666667,0.8985959438377535,LUAD,by_module,312,by_module_312
2,73,0.13333333333333333,0.8861154446177847,LUAD,by_module,312,by_module_312
3,90,0.2,0.859594383775351,LUAD,by_module,312,by_module_312
4,95,0.26666666666666666,0.8517940717628705,LUAD,by_module,312,by_module_312
5,105,0.3333333333333333,0.8361934477379095,LUAD,by_module,312,by_module_312
6,119,0.4,0.8143525741029641,LUAD,by_module,312,by_module_312
7,132,0.4666666666666667,0.7940717628705148,LUAD,by_module,312,by_module_312
8,158,0.5333333333333333,0.7535101404056163,LUAD,by_module,312,by_module_312
9,181,0.6,0.717628705148206,LUAD,by_module,312,by_module_312
10,297,0.6666666666666666,0.5366614664586584,LUAD,by_module,312,by_module_312
11,330,0.7333333333333333,0.48517940717628705,LUAD,by_module,312,by_module_312
12,405,0.8,0.3681747269890796,LUAD,by_module,312,by_module_312
13,515,0.8666666666666667,0.19656786271450855,LUAD,by_module,312,by_module_312
14,590,0.9333333333333333,0.0795631825273011,LUAD,by_module,312,by_module_312
15,641,1,0,LUAD,by_module,312,by_module_312
0,0,0,1,LUSC,by_module,312,by_module_312
1,51,0.06666666666666667,0.9108391608391608,LUSC,by_module,312,by_module_312
2,55,0.13333333333333333,0.9038461538461539,LUSC,by_module,312,by_module_312
3,66,0.2,0.8846153846153846,LUSC,by_module,312,by_module_312
4,73,0.26666666666666666,0.8723776223776224,LUSC,by_module,312,by_module_312
5,91,0.3333333333333333,0.8409090909090909,LUSC,by_module,312,by_module_312
6,103,0.4,0.8199300699300699,LUSC,by_module,312,by_module_312
7,118,0.4666666666666667,0.7937062937062938,LUSC,by_module,312,by_module_312
8,126,0.5333333333333333,0.7797202797202797,LUSC,by_module,312,by_module_312
9,130,0.6,0.7727272727272727,LUSC,by_module,312,by_module_312
10,213,0.6666666666666666,0.6276223776223776,LUSC,by_module,312,by_module_312
11,357,0.7333333333333333,0.37587412587412583,LUSC,by_module,312,by_module_312
12,415,0.8,0.2744755244755245,LUSC,by_module,312,by_module_312
13,467,0.8666666666666667,0.18356643356643354,LUSC,by_module,312,by_module_312
14,519,0.9333333333333333,0.09265734265734271,LUSC,by_module,312,by_module_312
15,572,1,0,LUSC,by_module,312,by_module_312
0,0,0,1,PRAD,by_module,312,by_module_312
1,20,0.06666666666666667,0.9764705882352941,PRAD,by_module,312,by_module_312
2,29,0.13333333333333333,0.9658823529411764,PRAD,by_module,312,by_module_312
3,65,0.2,0.9235294117647059,PRAD,by_module,312,by_module_312
4,66,0.26666666666666666,0.9223529411764706,PRAD,by_module,312,by_module_312
5,110,0.3333333333333333,0.8705882352941177,PRAD,by_module,312,by_module_312
6,160,0.4,0.8117647058823529,PRAD,by_module,312,by_module_312
7,178,0.4666666666666667,0.7905882352941176,PRAD,by_module,312,by_module_312
8,212,0.5333333333333333,0.7505882352941177,PRAD,by_module,312,by_module_312
9,313,0.6,0.631764705882353,PRAD,by_module,312,by_module_312
10,328,0.6666666666666666,0.6141176470588235,PRAD,by_module,312,by_module_312
11,360,0.7333333333333333,0.5764705882352941,PRAD,by_module,312,by_module_312
12,438,0.8,0.4847058823529412,PRAD,by_module,312,by_module_312
13,503,0.8666666666666667,0.40823529411764703,PRAD,by_module,312,by_module_312
14,668,0.9333333333333333,0.21411764705882352,PRAD,by_module,312,by_module_312
15,850,1,0,PRAD,by_module,312,by_module_312
0,0,0,1,STAD,by_module,312,by_module_312
1,14,0.06666666666666667,0.9817945383615084,STAD,by_module,312,by_module_312
2,19,0.13333333333333333,0.9752925877763329,STAD,by_module,312,by_module_312
3,24,0.2,0.9687906371911573,STAD,by_module,312,by_module_312
4,29,0.26666666666666666,0.9622886866059818,STAD,by_module,312,by_module_312
5,37,0.3333333333333333,0.951885565669701,STAD,by_module,312,by_module_312
6,56,0.4,0.9271781534460338,STAD,by_module,312,by_module_312
7,85,0.4666666666666667,0.8894668400520156,STAD,by_module,312,by_module_312
8,112,0.5333333333333333,0.8543563068920677,STAD,by_module,312,by_module_312
9,157,0.6,0.7958387516254877,STAD,by_module,312,by_module_312
10,270,0.6666666666666666,0.6488946684005201,STAD,by_module,312,by_module_312
11,326,0.7333333333333333,0.576072821846554,STAD,by_module,312,by_module_312
12,426,0.8,0.4460338101430429,STAD,by_module,312,by_module_312
13,535,0.8666666666666667,0.3042912873862159,STAD,by_module,312,by_module_312
14,658,0.9333333333333333,0.14434330299089726,STAD,by_module,312,by_module_312
15,769,1,0,STAD,by_module,312,by_module_312
0,0,0,1,THCA,by_module,312,by_module_312
1,20,0.06666666666666667,0.9801783944499505,THCA,by_module,312,by_module_312
2,27,0.13333333333333333,0.9732408325074331,THCA,by_module,312,by_module_312
3,36,0.2,0.9643211100099108,THCA,by_module,312,by_module_312
4,46,0.26666666666666666,0.9544103072348861,THCA,by_module,312,by_module_312
5,80,0.3333333333333333,0.9207135777998018,THCA,by_module,312,by_module_312
6,136,0.4,0.8652130822596631,THCA,by_module,312,by_module_312
7,212,0.4666666666666667,0.7898909811694748,THCA,by_module,312,by_module_312
8,243,0.5333333333333333,0.7591674925668979,THCA,by_module,312,by_module_312
9,351,0.6,0.6521308225966302,THCA,by_module,312,by_module_312
10,463,0.6666666666666666,0.5411298315163529,THCA,by_module,312,by_module_312
11,478,0.7333333333333333,0.5262636273538157,THCA,by_module,312,by_module_312
12,502,0.8,0.5024777006937562,THCA,by_module,312,by_module_312
13,652,0.8666666666666667,0.3538156590683845,THCA,by_module,312,by_module_312
14,866,0.9333333333333333,0.1417244796828543,THCA,by_module,312,by_module_312
15,1009,1,0,THCA,by_module,312,by_module_312
0,0,0,1,UCEC,by_module,312,by_module_312
1,32,0.06666666666666667,0.9602484472049689,UCEC,by_module,312,by_module_312
2,37,0.13333333333333333,0.9540372670807453,UCEC,by_module,312,by_module_312
3,41,0.2,0.9490683229813665,UCEC,by_module,312,by_module_312
4,47,0.26666666666666666,0.9416149068322981,UCEC,by_module,312,by_module_312
5,63,0.3333333333333333,0.9217391304347826,UCEC,by_module,312,by_module_312
6,97,0.4,0.8795031055900622,UCEC,by_module,312,by_module_312
7,202,0.4666666666666667,0.7490683229813664,UCEC,by_module,312,by_module_312
8,232,0.5333333333333333,0.7118012422360249,UCEC,by_module,312,by_module_312
9,283,0.6,0.648447204968944,UCEC,by_module,312,by_module_312
10,320,0.6666666666666666,0.6024844720496895,UCEC,by_module,312,by_module_312
11,483,0.7333333333333333,0.4,UCEC,by_module,312,by_module_312
12,507,0.8,0.3701863354037267,UCEC,by_module,312,by_module_312
13,613,0.8666666666666667,0.23850931677018639,UCEC,by_module,312,by_module_312
14,742,0.9333333333333333,0.07826086956521738,UCEC,by_module,312,by_module_312
15,805,1,0,UCEC,by_module,312,by_module_312
0,0,0,1,BRCA,by_module,132,by_module_132
1,18,0.06666666666666667,0.9695945945945946,BRCA,by_module,132,by_module_132
2,36,0.13333333333333333,0.9391891891891891,BRCA,by_module,132,by_module_132
3,51,0.2,0.9138513513513513,BRCA,by_module,132,by_module_132
4,85,0.26666666666666666,0.8564189189189189,BRCA,by_module,132,by_module_132
5,112,0.3333333333333333,0.8108108108108107,BRCA,by_module,132,by_module_132
6,124,0.4,0.7905405405405406,BRCA,by_module,132,by_module_132
7,162,0.4666666666666667,0.7263513513513513,BRCA,by_module,132,by_module_132
8,176,0.5333333333333333,0.7027027027027026,BRCA,by_module,132,by_module_132
9,192,0.6,0.6756756756756757,BRCA,by_module,132,by_module_132
10,219,0.6666666666666666,0.6300675675675675,BRCA,by_module,132,by_module_132
11,256,0.7333333333333333,0.5675675675675675,BRCA,by_module,132,by_module_132
12,377,0.8,0.36317567567567566,BRCA,by_module,132,by_module_132
13,512,0.8666666666666667,0.1351351351351351,BRCA,by_module,132,by_module_132
14,552,0.9333333333333333,0.06756756756756754,BRCA,by_module,132,by_module_132
15,592,1,0,BRCA,by_module,132,by_module_132
0,0,0,1,COAD,by_module,132,by_module_132
1,6,0.06666666666666667,0.9931895573212259,COAD,by_module,132,by_module_132
2,7,0.13333333333333333,0.9920544835414302,COAD,by_module,132,by_module_132
3,26,0.2,0.9704880817253121,COAD,by_module,132,by_module_132
4,35,0.26666666666666666,0.960272417707151,COAD,by_module,132,by_module_132
5,55,0.3333333333333333,0.9375709421112373,COAD,by_module,132,by_module_132
6,82,0.4,0.9069239500567536,COAD,by_module,132,by_module_132
7,130,0.4666666666666667,0.8524404086265607,COAD,by_module,132,by_module_132
8,176,0.5333333333333333,0.8002270147559591,COAD,by_module,132,by_module_132
9,210,0.6,0.7616345062429057,COAD,by_module,132,by_module_132
10,295,0.6666666666666666,0.6651532349602725,COAD,by_module,132,by_module_132
11,378,0.7333333333333333,0.5709421112372304,COAD,by_module,132,by_module_132
12,538,0.8,0.3893303064699205,COAD,by_module,132,by_module_132
13,653,0.8666666666666667,0.25879682179341656,COAD,by_module,132,by_module_132
14,775,0.9333333333333333,0.12031782065834284,COAD,by_module,132,by_module_132
15,881,1,0,COAD,by_module,132,by_module_132
0,0,0,1,HNSC,by_module,132,by_module_132
1,5,0.06666666666666667,0.993849938499385,HNSC,by_module,132,by_module_132
2,12,0.13333333333333333,0.985239852398524,HNSC,by_module,132,by_module_132
3,16,0.2,0.980319803198032,HNSC,by_module,132,by_module_132
4,31,0.26666666666666666,0.9618696186961869,HNSC,by_module,132,by_module_132
5,62,0.3333333333333333,0.923739237392374,HNSC,by_module,132,by_module_132
6,109,0.4,0.8659286592865929,HNSC,by_module,132,by_module_132
7,119,0.4666666666666667,0.8536285362853628,HNSC,by_module,132,by_module_132
8,127,0.5333333333333333,0.8437884378843789,HNSC,by_module,132,by_module_132
9,140,0.6,0.8277982779827798,HNSC,by_module,132,by_module_132
10,216,0.6666666666666666,0.7343173431734318,HNSC,by_module,132,by_module_132
11,247,0.7333333333333333,0.6961869618696187,HNSC,by_module,132,by_module_132
12,292,0.8,0.6408364083640836,HNSC,by_module,132,by_module_132
13,393,0.8666666666666667,0.5166051660516605,HNSC,by_module,132,by_module_132
14,588,0.9333333333333333,0.2767527675276753,HNSC,by_module,132,by_module_132
15,813,1,0,HNSC,by_module,132,by_module_132
0,0,0,1,KIRC,by_module,132,by_module_132
1,5,0.06666666666666667,0.9947862356621481,KIRC,by_module,132,by_module_132
2,23,0.13333333333333333,0.9760166840458812,KIRC,by_module,132,by_module_132
3,34,0.2,0.9645464025026069,KIRC,by_module,132,by_module_132
4,42,0.26666666666666666,0.9562043795620438,KIRC,by_module,132,by_module_132
5,73,0.3333333333333333,0.9238790406673618,KIRC,by_module,132,by_module_132
6,187,0.4,0.8050052137643379,KIRC,by_module,132,by_module_132
7,318,0.4666666666666667,0.6684045881126173,KIRC,by_module,132,by_module_132
8,342,0.5333333333333333,0.643378519290928,KIRC,by_module,132,by_module_132
9,456,0.6,0.5245046923879041,KIRC,by_module,132,by_module_132
10,518,0.6666666666666666,0.45985401459854014,KIRC,by_module,132,by_module_132
11,584,0.7333333333333333,0.39103232533889465,KIRC,by_module,132,by_module_132
12,723,0.8,0.24608967674661109,KIRC,by_module,132,by_module_132
13,823,0.8666666666666667,0.14181438998957252,KIRC,by_module,132,by_module_132
14,902,0.9333333333333333,0.05943691345151203,KIRC,by_module,132,by_module_132
15,959,1,0,KIRC,by_module,132,by_module_132
0,0,0,1,KIRP,by_module,132,by_module_132
1,3,0.06666666666666667,0.9971401334604385,KIRP,by_module,132,by_module_132
2,6,0.13333333333333333,0.994280266920877,KIRP,by_module,132,by_module_132
3,8,0.2,0.9923736892278361,KIRP,by_module,132,by_module_132
4,11,0.26666666666666666,0.9895138226882746,KIRP,by_module,132,by_module_132
5,20,0.3333333333333333,0.9809342230695901,KIRP,by_module,132,by_module_132
6,36,0.4,0.9656816015252622,KIRP,by_module,132,by_module_132
7,115,0.4666666666666667,0.8903717826501429,KIRP,by_module,132,by_module_132
8,237,0.5333333333333333,0.7740705433746425,KIRP,by_module,132,by_module_132
9,267,0.6,0.7454718779790277,KIRP,by_module,132,by_module_132
10,280,0.6666666666666666,0.7330791229742613,KIRP,by_module,132,by_module_132
11,292,0.7333333333333333,0.7216396568160153,KIRP,by_module,132,by_module_132
12,447,0.8,0.5738798856053384,KIRP,by_module,132,by_module_132
13,594,0.8666666666666667,0.4337464251668256,KIRP,by_module,132,by_module_132
14,820,0.9333333333333333,0.21830314585319355,KIRP,by_module,132,by_module_132
15,1049,1,0,KIRP,by_module,132,by_module_132
0,0,0,1,LIHC,by_module,132,by_module_132
1,27,0.06666666666666667,0.9668304668304668,LIHC,by_module,132,by_module_132
2,57,0.13333333333333333,0.9299754299754299,LIHC,by_module,132,by_module_132
3,88,0.2,0.8918918918918919,LIHC,by_module,132,by_module_132
4,163,0.26666666666666666,0.7997542997542998,LIHC,by_module,132,by_module_132
5,173,0.3333333333333333,0.7874692874692875,LIHC,by_module,132,by_module_132
6,214,0.4,0.7371007371007371,LIHC,by_module,132,by_module_132
7,250,0.4666666666666667,0.6928746928746929,LIHC,by_module,132,by_module_132
8,283,0.5333333333333333,0.6523341523341524,LIHC,by_module,132,by_module_132
9,300,0.6,0.6314496314496314,LIHC,by_module,132,by_module_132
10,460,0.6666666666666666,0.4348894348894349,LIHC,by_module,132,by_module_132
11,547,0.7333333333333333,0.32800982800982803,LIHC,by_module,132,by_module_132
12,610,0.8,0.2506142506142506,LIHC,by_module,132,by_module_132
13,720,0.8666666666666667,0.11547911547911549,LIHC,by_module,132,by_module_132
14,775,0.9333333333333333,0.04791154791154795,LIHC,by_module,132,by_module_132
15,814,1,0,LIHC,by_module,132,by_module_132
0,0,0,1,LUAD,by_module,132,by_module_132
1,7,0.06666666666666667,0.9890795631825273,LUAD,by_module,132,by_module_132
2,24,0.13333333333333333,0.9625585023400935,LUAD,by_module,132,by_module_132
3,28,0.2,0.9563182527301092,LUAD,by_module,132,by_module_132
4,36,0.26666666666666666,0.9438377535101404,LUAD,by_module,132,by_module_132
5,49,0.3333333333333333,0.9235569422776911,LUAD,by_module,132,by_module_132
6,62,0.4,0.9032761310452418,LUAD,by_module,132,by_module_132
7,88,0.4666666666666667,0.8627145085803432,LUAD,by_module,132,by_module_132
8,111,0.5333333333333333,0.8268330733229329,LUAD,by_module,132,by_module_132
9,181,0.6,0.717628705148206,LUAD,by_module,132,by_module_132
10,297,0.6666666666666666,0.5366614664586584,LUAD,by_module,132,by_module_132
11,330,0.7333333333333333,0.48517940717628705,LUAD,by_module,132,by_module_132
12,405,0.8,0.3681747269890796,LUAD,by_module,132,by_module_132
13,515,0.8666666666666667,0.19656786271450855,LUAD,by_module,132,by_module_132
14,590,0.9333333333333333,0.0795631825273011,LUAD,by_module,132,by_module_132
15,641,1,0,LUAD,by_module,132,by_module_132
0,0,0,1,LUSC,by_module,132,by_module_132
1,4,0.06666666666666667,0.993006993006993,LUSC,by_module,132,by_module_132
2,15,0.13333333333333333,0.9737762237762237,LUSC,by_module,132,by_module_132
3,21,0.2,0.9632867132867133,LUSC,by_module,132,by_module_132
4,38,0.26666666666666666,0.9335664335664335,LUSC,by_module,132,by_module_132
5,49,0.3333333333333333,0.9143356643356644,LUSC,by_module,132,by_module_132
6,64,0.4,0.8881118881118881,LUSC,by_module,132,by_module_132
7,72,0.4666666666666667,0.8741258741258742,LUSC,by_module,132,by_module_132
8,76,0.5333333333333333,0.8671328671328671,LUSC,by_module,132,by_module_132
9,130,0.6,0.7727272727272727,LUSC,by_module,132,by_module_132
10,213,0.6666666666666666,0.6276223776223776,LUSC,by_module,132,by_module_132
11,357,0.7333333333333333,0.37587412587412583,LUSC,by_module,132,by_module_132
12,415,0.8,0.2744755244755245,LUSC,by_module,132,by_module_132
13,467,0.8666666666666667,0.18356643356643354,LUSC,by_module,132,by_module_132
14,519,0.9333333333333333,0.09265734265734271,LUSC,by_module,132,by_module_132
15,572,1,0,LUSC,by_module,132,by_module_132
0,0,0,1,PRAD,by_module,132,by_module_132
1,9,0.06666666666666667,0.9894117647058823,PRAD,by_module,132,by_module_132
2,45,0.13333333333333333,0.9470588235294117,PRAD,by_module,132,by_module_132
3,46,0.2,0.9458823529411765,PRAD,by_module,132,by_module_132
4,90,0.26666666666666666,0.8941176470588236,PRAD,by_module,132,by_module_132
5,140,0.3333333333333333,0.8352941176470589,PRAD,by_module,132,by_module_132
6,158,0.4,0.8141176470588235,PRAD,by_module,132,by_module_132
7,192,0.4666666666666667,0.7741176470588236,PRAD,by_module,132,by_module_132
8,293,0.5333333333333333,0.6552941176470588,PRAD,by_module,132,by_module_132
9,313,0.6,0.631764705882353,PRAD,by_module,132,by_module_132
10,328,0.6666666666666666,0.6141176470588235,PRAD,by_module,132,by_module_132
11,360,0.7333333333333333,0.5764705882352941,PRAD,by_module,132,by_module_132
12,438,0.8,0.4847058823529412,PRAD,by_module,132,by_module_132
13,503,0.8666666666666667,0.40823529411764703,PRAD,by_module,132,by_module_132
14,668,0.9333333333333333,0.21411764705882352,PRAD,by_module,132,by_module_132
15,850,1,0,PRAD,by_module,132,by_module_132
0,0,0,1,STAD,by_module,132,by_module_132
1,4,0.06666666666666667,0.9947984395318595,STAD,by_module,132,by_module_132
2,9,0.13333333333333333,0.988296488946684,STAD,by_module,132,by_module_132
3,14,0.2,0.9817945383615084,STAD,by_module,132,by_module_132
4,21,0.26666666666666666,0.9726918075422627,STAD,by_module,132,by_module_132
5,40,0.3333333333333333,0.9479843953185956,STAD,by_module,132,by_module_132
6,69,0.4,0.9102730819245773,STAD,by_module,132,by_module_132
7,96,0.4666666666666667,0.8751625487646294,STAD,by_module,132,by_module_132
8,139,0.5333333333333333,0.8192457737321196,STAD,by_module,132,by_module_132
9,157,0.6,0.7958387516254877,STAD,by_module,132,by_module_132
10,270,0.6666666666666666,0.6488946684005201,STAD,by_module,132,by_module_132
11,326,0.7333333333333333,0.576072821846554,STAD,by_module,132,by_module_132
12,426,0.8,0.4460338101430429,STAD,by_module,132,by_module_132
13,535,0.8666666666666667,0.3042912873862159,STAD,by_module,132,by_module_132
14,658,0.9333333333333333,0.14434330299089726,STAD,by_module,132,by_module_132
15,769,1,0,STAD,by_module,132,by_module_132
0,0,0,1,THCA,by_module,132,by_module_132
1,2,0.06666666666666667,0.998017839444995,THCA,by_module,132,by_module_132
2,9,0.13333333333333333,0.9910802775024777,THCA,by_module,132,by_module_132
3,18,0.2,0.9821605550049554,THCA,by_module,132,by_module_132
4,36,0.26666666666666666,0.9643211100099108,THCA,by_module,132,by_module_132
5,88,0.3333333333333333,0.9127849355797819,THCA,by_module,132,by_module_132
6,163,0.4,0.8384539147670962,THCA,by_module,132,by_module_132
7,194,0.4666666666666667,0.8077304261645193,THCA,by_module,132,by_module_132
8,302,0.5333333333333333,0.7006937561942517,THCA,by_module,132,by_module_132
9,351,0.6,0.6521308225966302,THCA,by_module,132,by_module_132
10,463,0.6666666666666666,0.5411298315163529,THCA,by_module,132,by_module_132
11,478,0.7333333333333333,0.5262636273538157,THCA,by_module,132,by_module_132
12,502,0.8,0.5024777006937562,THCA,by_module,132,by_module_132
13,652,0.8666666666666667,0.3538156590683845,THCA,by_module,132,by_module_132
14,866,0.9333333333333333,0.1417244796828543,THCA,by_module,132,by_module_132
15,1009,1,0,THCA,by_module,132,by_module_132
0,0,0,1,UCEC,by_module,132,by_module_132
1,5,0.06666666666666667,0.9937888198757764,UCEC,by_module,132,by_module_132
2,9,0.13333333333333333,0.9888198757763975,UCEC,by_module,132,by_module_132
3,15,0.2,0.9813664596273292,UCEC,by_module,132,by_module_132
4,31,0.26666666666666666,0.9614906832298137,UCEC,by_module,132,by_module_132
5,65,0.3333333333333333,0.9192546583850931,UCEC,by_module,132,by_module_132
6,170,0.4,0.7888198757763976,UCEC,by_module,132,by_module_132
7,200,0.4666666666666667,0.7515527950310559,UCEC,by_module,132,by_module_132
8,250,0.5333333333333333,0.68944099378882,UCEC,by_module,132,by_module_132
9,283,0.6,0.648447204968944,UCEC,by_module,132,by_module_132
10,320,0.6666666666666666,0.6024844720496895,UCEC,by_module,132,by_module_132
11,483,0.7333333333333333,0.4,UCEC,by_module,132,by_module_132
12,507,0.8,0.3701863354037267,UCEC,by_module,132,by_module_132
13,613,0.8666666666666667,0.23850931677018639,UCEC,by_module,132,by_module_132
14,742,0.9333333333333333,0.07826086956521738,UCEC,by_module,132,by_module_132
15,805,1,0,UCEC,by_module,132,by_module_132
0,0,0,1,BRCA,by_module,213,by_module_213
1,24,0.06666666666666667,0.9594594594594594,BRCA,by_module,213,by_module_213
2,43,0.13333333333333333,0.9273648648648649,BRCA,by_module,213,by_module_213
3,106,0.2,0.8209459459459459,BRCA,by_module,213,by_module_213
4,181,0.26666666666666666,0.6942567567567568,BRCA,by_module,213,by_module_213
5,217,0.3333333333333333,0.6334459459459459,BRCA,by_module,213,by_module_213
6,253,0.4,0.5726351351351351,BRCA,by_module,213,by_module_213
7,308,0.4666666666666667,0.4797297297297297,BRCA,by_module,213,by_module_213
8,328,0.5333333333333333,0.44594594594594594,BRCA,by_module,213,by_module_213
9,343,0.6,0.4206081081081081,BRCA,by_module,213,by_module_213
10,377,0.6666666666666666,0.36317567567567566,BRCA,by_module,213,by_module_213
11,405,0.7333333333333333,0.3158783783783784,BRCA,by_module,213,by_module_213
12,426,0.8,0.2804054054054054,BRCA,by_module,213,by_module_213
13,467,0.8666666666666667,0.21114864864864868,BRCA,by_module,213,by_module_213
14,500,0.9333333333333333,0.15540540540540537,BRCA,by_module,213,by_module_213
15,592,1,0,BRCA,by_module,213,by_module_213
0,0,0,1,COAD,by_module,213,by_module_213
1,37,0.06666666666666667,0.9580022701475596,COAD,by_module,213,by_module_213
2,69,0.13333333333333333,0.9216799091940976,COAD,by_module,213,by_module_213
3,87,0.2,0.9012485811577753,COAD,by_module,213,by_module_213
4,111,0.26666666666666666,0.8740068104426788,COAD,by_module,213,by_module_213
5,141,0.3333333333333333,0.8399545970488081,COAD,by_module,213,by_module_213
6,151,0.4,0.8286038592508513,COAD,by_module,213,by_module_213
7,190,0.4666666666666667,0.7843359818388196,COAD,by_module,213,by_module_213
8,243,0.5333333333333333,0.724177071509648,COAD,by_module,213,by_module_213
9,409,0.6,0.5357548240635641,COAD,by_module,213,by_module_213
10,451,0.6666666666666666,0.48808172531214533,COAD,by_module,213,by_module_213
11,566,0.7333333333333333,0.3575482406356413,COAD,by_module,213,by_module_213
12,621,0.8,0.29511918274687854,COAD,by_module,213,by_module_213
13,732,0.8666666666666667,0.16912599318955734,COAD,by_module,213,by_module_213
14,797,0.9333333333333333,0.09534619750283768,COAD,by_module,213,by_module_213
15,881,1,0,COAD,by_module,213,by_module_213
0,0,0,1,HNSC,by_module,213,by_module_213
1,30,0.06666666666666667,0.96309963099631,HNSC,by_module,213,by_module_213
2,40,0.13333333333333333,0.95079950799508,HNSC,by_module,213,by_module_213
3,62,0.2,0.923739237392374,HNSC,by_module,213,by_module_213
4,136,0.26666666666666666,0.8327183271832719,HNSC,by_module,213,by_module_213
5,203,0.3333333333333333,0.7503075030750308,HNSC,by_module,213,by_module_213
6,288,0.4,0.6457564575645757,HNSC,by_module,213,by_module_213
7,346,0.4666666666666667,0.5744157441574416,HNSC,by_module,213,by_module_213
8,372,0.5333333333333333,0.5424354243542435,HNSC,by_module,213,by_module_213
9,421,0.6,0.4821648216482165,HNSC,by_module,213,by_module_213
10,460,0.6666666666666666,0.43419434194341944,HNSC,by_module,213,by_module_213
11,554,0.7333333333333333,0.31857318573185733,HNSC,by_module,213,by_module_213
12,621,0.8,0.23616236162361626,HNSC,by_module,213,by_module_213
13,632,0.8666666666666667,0.2226322263222632,HNSC,by_module,213,by_module_213
14,641,0.9333333333333333,0.21156211562115623,HNSC,by_module,213,by_module_213
15,813,1,0,HNSC,by_module,213,by_module_213
0,0,0,1,KIRC,by_module,213,by_module_213
1,30,0.06666666666666667,0.9687174139728885,KIRC,by_module,213,by_module_213
2,85,0.13333333333333333,0.9113660062565172,KIRC,by_module,213,by_module_213
3,133,0.2,0.8613138686131387,KIRC,by_module,213,by_module_213
4,173,0.26666666666666666,0.8196037539103233,KIRC,by_module,213,by_module_213
5,243,0.3333333333333333,0.7466110531803962,KIRC,by_module,213,by_module_213
6,263,0.4,0.7257559958289885,KIRC,by_module,213,by_module_213
7,271,0.4666666666666667,0.7174139728884255,KIRC,by_module,213,by_module_213
8,290,0.5333333333333333,0.697601668404588,KIRC,by_module,213,by_module_213
9,338,0.6,0.6475495307612096,KIRC,by_module,213,by_module_213
10,355,0.6666666666666666,0.629822732012513,KIRC,by_module,213,by_module_213
11,418,0.7333333333333333,0.5641293013555787,KIRC,by_module,213,by_module_213
12,542,0.8,0.4348279457768509,KIRC,by_module,213,by_module_213
13,773,0.8666666666666667,0.19395203336809175,KIRC,by_module,213,by_module_213
14,800,0.9333333333333333,0.16579770594369136,KIRC,by_module,213,by_module_213
15,959,1,0,KIRC,by_module,213,by_module_213
0,0,0,1,KIRP,by_module,213,by_module_213
1,2,0.06666666666666667,0.998093422306959,KIRP,by_module,213,by_module_213
2,10,0.13333333333333333,0.990467111534795,KIRP,by_module,213,by_module_213
3,29,0.2,0.9723546234509056,KIRP,by_module,213,by_module_213
4,94,0.26666666666666666,0.9103908484270734,KIRP,by_module,213,by_module_213
5,112,0.3333333333333333,0.8932316491897044,KIRP,by_module,213,by_module_213
6,185,0.4,0.8236415633937083,KIRP,by_module,213,by_module_213
7,192,0.4666666666666667,0.8169685414680649,KIRP,by_module,213,by_module_213
8,200,0.5333333333333333,0.8093422306959008,KIRP,by_module,213,by_module_213
9,212,0.6,0.7979027645376549,KIRP,by_module,213,by_module_213
10,252,0.6666666666666666,0.7597712106768351,KIRP,by_module,213,by_module_213
11,337,0.7333333333333333,0.678741658722593,KIRP,by_module,213,by_module_213
12,430,0.8,0.5900857959961868,KIRP,by_module,213,by_module_213
13,566,0.8666666666666667,0.4604385128693994,KIRP,by_module,213,by_module_213
14,741,0.9333333333333333,0.29361296472831266,KIRP,by_module,213,by_module_213
15,1049,1,0,KIRP,by_module,213,by_module_213
0,0,0,1,LIHC,by_module,213,by_module_213
1,18,0.06666666666666667,0.9778869778869779,LIHC,by_module,213,by_module_213
2,46,0.13333333333333333,0.9434889434889435,LIHC,by_module,213,by_module_213
3,102,0.2,0.8746928746928747,LIHC,by_module,213,by_module_213
4,196,0.26666666666666666,0.7592137592137592,LIHC,by_module,213,by_module_213
5,232,0.3333333333333333,0.714987714987715,LIHC,by_module,213,by_module_213
6,261,0.4,0.6793611793611793,LIHC,by_module,213,by_module_213
7,339,0.4666666666666667,0.5835380835380836,LIHC,by_module,213,by_module_213
8,388,0.5333333333333333,0.5233415233415233,LIHC,by_module,213,by_module_213
9,435,0.6,0.46560196560196565,LIHC,by_module,213,by_module_213
10,520,0.6666666666666666,0.3611793611793612,LIHC,by_module,213,by_module_213
11,613,0.7333333333333333,0.2469287469287469,LIHC,by_module,213,by_module_213
12,666,0.8,0.18181818181818177,LIHC,by_module,213,by_module_213
13,739,0.8666666666666667,0.0921375921375921,LIHC,by_module,213,by_module_213
14,791,0.9333333333333333,0.02825552825552824,LIHC,by_module,213,by_module_213
15,814,1,0,LIHC,by_module,213,by_module_213
0,0,0,1,LUAD,by_module,213,by_module_213
1,27,0.06666666666666667,0.9578783151326054,LUAD,by_module,213,by_module_213
2,52,0.13333333333333333,0.9188767550702028,LUAD,by_module,213,by_module_213
3,83,0.2,0.8705148205928237,LUAD,by_module,213,by_module_213
4,171,0.26666666666666666,0.7332293291731669,LUAD,by_module,213,by_module_213
5,195,0.3333333333333333,0.6957878315132605,LUAD,by_module,213,by_module_213
6,224,0.4,0.6505460218408736,LUAD,by_module,213,by_module_213
7,320,0.4666666666666667,0.500780031201248,LUAD,by_module,213,by_module_213
8,347,0.5333333333333333,0.4586583463338534,LUAD,by_module,213,by_module_213
9,365,0.6,0.43057722308892354,LUAD,by_module,213,by_module_213
10,414,0.6666666666666666,0.3541341653666147,LUAD,by_module,213,by_module_213
11,448,0.7333333333333333,0.30109204368174725,LUAD,by_module,213,by_module_213
12,485,0.8,0.2433697347893916,LUAD,by_module,213,by_module_213
13,514,0.8666666666666667,0.19812792511700472,LUAD,by_module,213,by_module_213
14,542,0.9333333333333333,0.1544461778471139,LUAD,by_module,213,by_module_213
15,641,1,0,LUAD,by_module,213,by_module_213
0,0,0,1,LUSC,by_module,213,by_module_213
1,42,0.06666666666666667,0.9265734265734266,LUSC,by_module,213,by_module_213
2,98,0.13333333333333333,0.8286713286713286,LUSC,by_module,213,by_module_213
3,127,0.2,0.7779720279720279,LUSC,by_module,213,by_module_213
4,164,0.26666666666666666,0.7132867132867133,LUSC,by_module,213,by_module_213
5,187,0.3333333333333333,0.6730769230769231,LUSC,by_module,213,by_module_213
6,217,0.4,0.6206293706293706,LUSC,by_module,213,by_module_213
7,251,0.4666666666666667,0.5611888111888113,LUSC,by_module,213,by_module_213
8,304,0.5333333333333333,0.46853146853146854,LUSC,by_module,213,by_module_213
9,340,0.6,0.4055944055944056,LUSC,by_module,213,by_module_213
10,391,0.6666666666666666,0.31643356643356646,LUSC,by_module,213,by_module_213
11,425,0.7333333333333333,0.256993006993007,LUSC,by_module,213,by_module_213
12,484,0.8,0.15384615384615385,LUSC,by_module,213,by_module_213
13,503,0.8666666666666667,0.12062937062937062,LUSC,by_module,213,by_module_213
14,511,0.9333333333333333,0.10664335664335667,LUSC,by_module,213,by_module_213
15,572,1,0,LUSC,by_module,213,by_module_213
0,0,0,1,PRAD,by_module,213,by_module_213
1,14,0.06666666666666667,0.9835294117647059,PRAD,by_module,213,by_module_213
2,30,0.13333333333333333,0.9647058823529412,PRAD,by_module,213,by_module_213
3,73,0.2,0.9141176470588235,PRAD,by_module,213,by_module_213
4,109,0.26666666666666666,0.871764705882353,PRAD,by_module,213,by_module_213
5,232,0.3333333333333333,0.7270588235294118,PRAD,by_module,213,by_module_213
6,321,0.4,0.6223529411764706,PRAD,by_module,213,by_module_213
7,330,0.4666666666666667,0.611764705882353,PRAD,by_module,213,by_module_213
8,367,0.5333333333333333,0.5682352941176471,PRAD,by_module,213,by_module_213
9,368,0.6,0.5670588235294118,PRAD,by_module,213,by_module_213
10,412,0.6666666666666666,0.5152941176470589,PRAD,by_module,213,by_module_213
11,463,0.7333333333333333,0.45529411764705885,PRAD,by_module,213,by_module_213
12,518,0.8,0.3905882352941177,PRAD,by_module,213,by_module_213
13,571,0.8666666666666667,0.32823529411764707,PRAD,by_module,213,by_module_213
14,729,0.9333333333333333,0.14235294117647057,PRAD,by_module,213,by_module_213
15,850,1,0,PRAD,by_module,213,by_module_213
0,0,0,1,STAD,by_module,213,by_module_213
1,14,0.06666666666666667,0.9817945383615084,STAD,by_module,213,by_module_213
2,47,0.13333333333333333,0.9388816644993498,STAD,by_module,213,by_module_213
3,87,0.2,0.8868660598179454,STAD,by_module,213,by_module_213
4,94,0.26666666666666666,0.8777633289986996,STAD,by_module,213,by_module_213
5,137,0.3333333333333333,0.8218465539661899,STAD,by_module,213,by_module_213
6,209,0.4,0.728218465539662,STAD,by_module,213,by_module_213
7,262,0.4666666666666667,0.659297789336801,STAD,by_module,213,by_module_213
8,303,0.5333333333333333,0.6059817945383614,STAD,by_module,213,by_module_213
9,342,0.6,0.5552665799739922,STAD,by_module,213,by_module_213
10,460,0.6666666666666666,0.4018205461638491,STAD,by_module,213,by_module_213
11,535,0.7333333333333333,0.3042912873862159,STAD,by_module,213,by_module_213
12,575,0.8,0.2522756827048115,STAD,by_module,213,by_module_213
13,642,0.8666666666666667,0.165149544863459,STAD,by_module,213,by_module_213
14,741,0.9333333333333333,0.03641092327698314,STAD,by_module,213,by_module_213
15,769,1,0,STAD,by_module,213,by_module_213
0,0,0,1,THCA,by_module,213,by_module_213
1,4,0.06666666666666667,0.9960356788899901,THCA,by_module,213,by_module_213
2,7,0.13333333333333333,0.9930624380574826,THCA,by_module,213,by_module_213
3,22,0.2,0.9781962338949455,THCA,by_module,213,by_module_213
4,68,0.26666666666666666,0.9326065411298315,THCA,by_module,213,by_module_213
5,118,0.3333333333333333,0.8830525272547076,THCA,by_module,213,by_module_213
6,170,0.4,0.8315163528245788,THCA,by_module,213,by_module_213
7,175,0.4666666666666667,0.8265609514370664,THCA,by_module,213,by_module_213
8,203,0.5333333333333333,0.798810703666997,THCA,by_module,213,by_module_213
9,223,0.6,0.7789890981169475,THCA,by_module,213,by_module_213
10,256,0.6666666666666666,0.7462834489593657,THCA,by_module,213,by_module_213
11,310,0.7333333333333333,0.6927651139742319,THCA,by_module,213,by_module_213
12,386,0.8,0.6174430128840436,THCA,by_module,213,by_module_213
13,435,0.8666666666666667,0.5688800792864221,THCA,by_module,213,by_module_213
14,568,0.9333333333333333,0.4370664023785926,THCA,by_module,213,by_module_213
15,1009,1,0,THCA,by_module,213,by_module_213
0,0,0,1,UCEC,by_module,213,by_module_213
1,23,0.06666666666666667,0.9714285714285714,UCEC,by_module,213,by_module_213
2,61,0.13333333333333333,0.9242236024844721,UCEC,by_module,213,by_module_213
3,82,0.2,0.8981366459627329,UCEC,by_module,213,by_module_213
4,154,0.26666666666666666,0.808695652173913,UCEC,by_module,213,by_module_213
5,174,0.3333333333333333,0.7838509316770186,UCEC,by_module,213,by_module_213
6,228,0.4,0.7167701863354037,UCEC,by_module,213,by_module_213
7,240,0.4666666666666667,0.7018633540372671,UCEC,by_module,213,by_module_213
8,266,0.5333333333333333,0.6695652173913044,UCEC,by_module,213,by_module_213
9,291,0.6,0.6385093167701863,UCEC,by_module,213,by_module_213
10,309,0.6666666666666666,0.6161490683229813,UCEC,by_module,213,by_module_213
11,346,0.7333333333333333,0.5701863354037267,UCEC,by_module,213,by_module_213
12,560,0.8,0.30434782608695654,UCEC,by_module,213,by_module_213
13,625,0.8666666666666667,0.22360248447204967,UCEC,by_module,213,by_module_213
14,755,0.9333333333333333,0.06211180124223603,UCEC,by_module,213,by_module_213
15,805,1,0,UCEC,by_module,213,by_module_213
0,0,0,1,BRCA,by_module,123,by_module_123
1,18,0.06666666666666667,0.9695945945945946,BRCA,by_module,123,by_module_123
2,36,0.13333333333333333,0.9391891891891891,BRCA,by_module,123,by_module_123
3,51,0.2,0.9138513513513513,BRCA,by_module,123,by_module_123
4,85,0.26666666666666666,0.8564189189189189,BRCA,by_module,123,by_module_123
5,112,0.3333333333333333,0.8108108108108107,BRCA,by_module,123,by_module_123
6,124,0.4,0.7905405405405406,BRCA,by_module,123,by_module_123
7,162,0.4666666666666667,0.7263513513513513,BRCA,by_module,123,by_module_123
8,176,0.5333333333333333,0.7027027027027026,BRCA,by_module,123,by_module_123
9,202,0.6,0.6587837837837838,BRCA,by_module,123,by_module_123
10,225,0.6666666666666666,0.6199324324324325,BRCA,by_module,123,by_module_123
11,343,0.7333333333333333,0.4206081081081081,BRCA,by_module,123,by_module_123
12,424,0.8,0.28378378378378377,BRCA,by_module,123,by_module_123
13,464,0.8666666666666667,0.21621621621621623,BRCA,by_module,123,by_module_123
14,500,0.9333333333333333,0.15540540540540537,BRCA,by_module,123,by_module_123
15,592,1,0,BRCA,by_module,123,by_module_123
0,0,0,1,COAD,by_module,123,by_module_123
1,6,0.06666666666666667,0.9931895573212259,COAD,by_module,123,by_module_123
2,7,0.13333333333333333,0.9920544835414302,COAD,by_module,123,by_module_123
3,26,0.2,0.9704880817253121,COAD,by_module,123,by_module_123
4,35,0.26666666666666666,0.960272417707151,COAD,by_module,123,by_module_123
5,55,0.3333333333333333,0.9375709421112373,COAD,by_module,123,by_module_123
6,82,0.4,0.9069239500567536,COAD,by_module,123,by_module_123
7,130,0.4666666666666667,0.8524404086265607,COAD,by_module,123,by_module_123
8,176,0.5333333333333333,0.8002270147559591,COAD,by_module,123,by_module_123
9,255,0.6,0.7105561861520999,COAD,by_module,123,by_module_123
10,337,0.6666666666666666,0.6174801362088536,COAD,by_module,123,by_module_123
11,495,0.7333333333333333,0.4381384790011351,COAD,by_module,123,by_module_123
12,580,0.8,0.3416572077185017,COAD,by_module,123,by_module_123
13,702,0.8666666666666667,0.2031782065834279,COAD,by_module,123,by_module_123
14,797,0.9333333333333333,0.09534619750283768,COAD,by_module,123,by_module_123
15,881,1,0,COAD,by_module,123,by_module_123
0,0,0,1,HNSC,by_module,123,by_module_123
1,5,0.06666666666666667,0.993849938499385,HNSC,by_module,123,by_module_123
2,12,0.13333333333333333,0.985239852398524,HNSC,by_module,123,by_module_123
3,16,0.2,0.980319803198032,HNSC,by_module,123,by_module_123
4,31,0.26666666666666666,0.9618696186961869,HNSC,by_module,123,by_module_123
5,62,0.3333333333333333,0.923739237392374,HNSC,by_module,123,by_module_123
6,109,0.4,0.8659286592865929,HNSC,by_module,123,by_module_123
7,119,0.4666666666666667,0.8536285362853628,HNSC,by_module,123,by_module_123
8,127,0.5333333333333333,0.8437884378843789,HNSC,by_module,123,by_module_123
9,197,0.6,0.7576875768757687,HNSC,by_module,123,by_module_123
10,224,0.6666666666666666,0.7244772447724477,HNSC,by_module,123,by_module_123
11,253,0.7333333333333333,0.6888068880688807,HNSC,by_module,123,by_module_123
12,346,0.8,0.5744157441574416,HNSC,by_module,123,by_module_123
13,502,0.8666666666666667,0.3825338253382534,HNSC,by_module,123,by_module_123
14,641,0.9333333333333333,0.21156211562115623,HNSC,by_module,123,by_module_123
15,813,1,0,HNSC,by_module,123,by_module_123
0,0,0,1,KIRC,by_module,123,by_module_123
1,5,0.06666666666666667,0.9947862356621481,KIRC,by_module,123,by_module_123
2,23,0.13333333333333333,0.9760166840458812,KIRC,by_module,123,by_module_123
3,34,0.2,0.9645464025026069,KIRC,by_module,123,by_module_123
4,42,0.26666666666666666,0.9562043795620438,KIRC,by_module,123,by_module_123
5,73,0.3333333333333333,0.9238790406673618,KIRC,by_module,123,by_module_123
6,187,0.4,0.8050052137643379,KIRC,by_module,123,by_module_123
7,318,0.4666666666666667,0.6684045881126173,KIRC,by_module,123,by_module_123
8,342,0.5333333333333333,0.643378519290928,KIRC,by_module,123,by_module_123
9,399,0.6,0.583941605839416,KIRC,by_module,123,by_module_123
10,461,0.6666666666666666,0.5192909280500522,KIRC,by_module,123,by_module_123
11,596,0.7333333333333333,0.37851929092805003,KIRC,by_module,123,by_module_123
12,669,0.8,0.30239833159541185,KIRC,by_module,123,by_module_123
13,744,0.8666666666666667,0.2241918665276329,KIRC,by_module,123,by_module_123
14,800,0.9333333333333333,0.16579770594369136,KIRC,by_module,123,by_module_123
15,959,1,0,KIRC,by_module,123,by_module_123
0,0,0,1,KIRP,by_module,123,by_module_123
1,3,0.06666666666666667,0.9971401334604385,KIRP,by_module,123,by_module_123
2,6,0.13333333333333333,0.994280266920877,KIRP,by_module,123,by_module_123
3,8,0.2,0.9923736892278361,KIRP,by_module,123,by_module_123
4,11,0.26666666666666666,0.9895138226882746,KIRP,by_module,123,by_module_123
5,20,0.3333333333333333,0.9809342230695901,KIRP,by_module,123,by_module_123
6,36,0.4,0.9656816015252622,KIRP,by_module,123,by_module_123
7,115,0.4666666666666667,0.8903717826501429,KIRP,by_module,123,by_module_123
8,237,0.5333333333333333,0.7740705433746425,KIRP,by_module,123,by_module_123
9,250,0.6,0.7616777883698761,KIRP,by_module,123,by_module_123
10,261,0.6666666666666666,0.7511916110581507,KIRP,by_module,123,by_module_123
11,400,0.7333333333333333,0.6186844613918017,KIRP,by_module,123,by_module_123
12,467,0.8,0.5548141086749285,KIRP,by_module,123,by_module_123
13,576,0.8666666666666667,0.45090562440419446,KIRP,by_module,123,by_module_123
14,741,0.9333333333333333,0.29361296472831266,KIRP,by_module,123,by_module_123
15,1049,1,0,KIRP,by_module,123,by_module_123
0,0,0,1,LIHC,by_module,123,by_module_123
1,27,0.06666666666666667,0.9668304668304668,LIHC,by_module,123,by_module_123
2,57,0.13333333333333333,0.9299754299754299,LIHC,by_module,123,by_module_123
3,88,0.2,0.8918918918918919,LIHC,by_module,123,by_module_123
4,163,0.26666666666666666,0.7997542997542998,LIHC,by_module,123,by_module_123
5,173,0.3333333333333333,0.7874692874692875,LIHC,by_module,123,by_module_123
6,214,0.4,0.7371007371007371,LIHC,by_module,123,by_module_123
7,250,0.4666666666666667,0.6928746928746929,LIHC,by_module,123,by_module_123
8,283,0.5333333333333333,0.6523341523341524,LIHC,by_module,123,by_module_123
9,442,0.6,0.457002457002457,LIHC,by_module,123,by_module_123
10,527,0.6666666666666666,0.3525798525798526,LIHC,by_module,123,by_module_123
11,589,0.7333333333333333,0.2764127764127764,LIHC,by_module,123,by_module_123
12,698,0.8,0.14250614250614246,LIHC,by_module,123,by_module_123
13,753,0.8666666666666667,0.07493857493857492,LIHC,by_module,123,by_module_123
14,791,0.9333333333333333,0.02825552825552824,LIHC,by_module,123,by_module_123
15,814,1,0,LIHC,by_module,123,by_module_123
0,0,0,1,LUAD,by_module,123,by_module_123
1,7,0.06666666666666667,0.9890795631825273,LUAD,by_module,123,by_module_123
2,24,0.13333333333333333,0.9625585023400935,LUAD,by_module,123,by_module_123
3,28,0.2,0.9563182527301092,LUAD,by_module,123,by_module_123
4,36,0.26666666666666666,0.9438377535101404,LUAD,by_module,123,by_module_123
5,49,0.3333333333333333,0.9235569422776911,LUAD,by_module,123,by_module_123
6,62,0.4,0.9032761310452418,LUAD,by_module,123,by_module_123
7,88,0.4666666666666667,0.8627145085803432,LUAD,by_module,123,by_module_123
8,111,0.5333333333333333,0.8268330733229329,LUAD,by_module,123,by_module_123
9,225,0.6,0.6489859594383776,LUAD,by_module,123,by_module_123
10,258,0.6666666666666666,0.5975039001560063,LUAD,by_module,123,by_module_123
11,330,0.7333333333333333,0.48517940717628705,LUAD,by_module,123,by_module_123
12,440,0.8,0.3135725429017161,LUAD,by_module,123,by_module_123
13,491,0.8666666666666667,0.234009360374415,LUAD,by_module,123,by_module_123
14,542,0.9333333333333333,0.1544461778471139,LUAD,by_module,123,by_module_123
15,641,1,0,LUAD,by_module,123,by_module_123
0,0,0,1,LUSC,by_module,123,by_module_123
1,4,0.06666666666666667,0.993006993006993,LUSC,by_module,123,by_module_123
2,15,0.13333333333333333,0.9737762237762237,LUSC,by_module,123,by_module_123
3,21,0.2,0.9632867132867133,LUSC,by_module,123,by_module_123
4,38,0.26666666666666666,0.9335664335664335,LUSC,by_module,123,by_module_123
5,49,0.3333333333333333,0.9143356643356644,LUSC,by_module,123,by_module_123
6,64,0.4,0.8881118881118881,LUSC,by_module,123,by_module_123
7,72,0.4666666666666667,0.8741258741258742,LUSC,by_module,123,by_module_123
8,76,0.5333333333333333,0.8671328671328671,LUSC,by_module,123,by_module_123
9,159,0.6,0.7220279720279721,LUSC,by_module,123,by_module_123
10,302,0.6666666666666666,0.472027972027972,LUSC,by_module,123,by_module_123
11,360,0.7333333333333333,0.3706293706293706,LUSC,by_module,123,by_module_123
12,411,0.8,0.28146853146853146,LUSC,by_module,123,by_module_123
13,462,0.8666666666666667,0.1923076923076923,LUSC,by_module,123,by_module_123
14,511,0.9333333333333333,0.10664335664335667,LUSC,by_module,123,by_module_123
15,572,1,0,LUSC,by_module,123,by_module_123
0,0,0,1,PRAD,by_module,123,by_module_123
1,9,0.06666666666666667,0.9894117647058823,PRAD,by_module,123,by_module_123
2,45,0.13333333333333333,0.9470588235294117,PRAD,by_module,123,by_module_123
3,46,0.2,0.9458823529411765,PRAD,by_module,123,by_module_123
4,90,0.26666666666666666,0.8941176470588236,PRAD,by_module,123,by_module_123
5,140,0.3333333333333333,0.8352941176470589,PRAD,by_module,123,by_module_123
6,158,0.4,0.8141176470588235,PRAD,by_module,123,by_module_123
7,192,0.4666666666666667,0.7741176470588236,PRAD,by_module,123,by_module_123
8,293,0.5333333333333333,0.6552941176470588,PRAD,by_module,123,by_module_123
9,307,0.6,0.6388235294117647,PRAD,by_module,123,by_module_123
10,326,0.6666666666666666,0.6164705882352941,PRAD,by_module,123,by_module_123
11,369,0.7333333333333333,0.5658823529411765,PRAD,by_module,123,by_module_123
12,423,0.8,0.5023529411764707,PRAD,by_module,123,by_module_123
13,574,0.8666666666666667,0.3247058823529412,PRAD,by_module,123,by_module_123
14,729,0.9333333333333333,0.14235294117647057,PRAD,by_module,123,by_module_123
15,850,1,0,PRAD,by_module,123,by_module_123
0,0,0,1,STAD,by_module,123,by_module_123
1,4,0.06666666666666667,0.9947984395318595,STAD,by_module,123,by_module_123
2,9,0.13333333333333333,0.988296488946684,STAD,by_module,123,by_module_123
3,14,0.2,0.9817945383615084,STAD,by_module,123,by_module_123
4,21,0.26666666666666666,0.9726918075422627,STAD,by_module,123,by_module_123
5,40,0.3333333333333333,0.9479843953185956,STAD,by_module,123,by_module_123
6,69,0.4,0.9102730819245773,STAD,by_module,123,by_module_123
7,96,0.4666666666666667,0.8751625487646294,STAD,by_module,123,by_module_123
8,139,0.5333333333333333,0.8192457737321196,STAD,by_module,123,by_module_123
9,251,0.6,0.6736020806241872,STAD,by_module,123,by_module_123
10,307,0.6666666666666666,0.6007802340702211,STAD,by_module,123,by_module_123
11,406,0.7333333333333333,0.4720416124837451,STAD,by_module,123,by_module_123
12,509,0.8,0.33810143042912877,STAD,by_module,123,by_module_123
13,630,0.8666666666666667,0.1807542262678804,STAD,by_module,123,by_module_123
14,741,0.9333333333333333,0.03641092327698314,STAD,by_module,123,by_module_123
15,769,1,0,STAD,by_module,123,by_module_123
0,0,0,1,THCA,by_module,123,by_module_123
1,2,0.06666666666666667,0.998017839444995,THCA,by_module,123,by_module_123
2,9,0.13333333333333333,0.9910802775024777,THCA,by_module,123,by_module_123
3,18,0.2,0.9821605550049554,THCA,by_module,123,by_module_123
4,36,0.26666666666666666,0.9643211100099108,THCA,by_module,123,by_module_123
5,88,0.3333333333333333,0.9127849355797819,THCA,by_module,123,by_module_123
6,163,0.4,0.8384539147670962,THCA,by_module,123,by_module_123
7,194,0.4666666666666667,0.8077304261645193,THCA,by_module,123,by_module_123
8,302,0.5333333333333333,0.7006937561942517,THCA,by_module,123,by_module_123
9,333,0.6,0.669970267591675,THCA,by_module,123,by_module_123
10,336,0.6666666666666666,0.6669970267591675,THCA,by_module,123,by_module_123
11,354,0.7333333333333333,0.6491575817641229,THCA,by_module,123,by_module_123
12,417,0.8,0.5867195242814668,THCA,by_module,123,by_module_123
13,475,0.8666666666666667,0.5292368681863231,THCA,by_module,123,by_module_123
14,568,0.9333333333333333,0.4370664023785926,THCA,by_module,123,by_module_123
15,1009,1,0,THCA,by_module,123,by_module_123
0,0,0,1,UCEC,by_module,123,by_module_123
1,5,0.06666666666666667,0.9937888198757764,UCEC,by_module,123,by_module_123
2,9,0.13333333333333333,0.9888198757763975,UCEC,by_module,123,by_module_123
3,15,0.2,0.9813664596273292,UCEC,by_module,123,by_module_123
4,31,0.26666666666666666,0.9614906832298137,UCEC,by_module,123,by_module_123
5,65,0.3333333333333333,0.9192546583850931,UCEC,by_module,123,by_module_123
6,170,0.4,0.7888198757763976,UCEC,by_module,123,by_module_123
7,200,0.4666666666666667,0.7515527950310559,UCEC,by_module,123,by_module_123
8,250,0.5333333333333333,0.68944099378882,UCEC,by_module,123,by_module_123
9,287,0.6,0.6434782608695653,UCEC,by_module,123,by_module_123
10,450,0.6666666666666666,0.44099378881987583,UCEC,by_module,123,by_module_123
11,474,0.7333333333333333,0.4111801242236025,UCEC,by_module,123,by_module_123
12,567,0.8,0.29565217391304344,UCEC,by_module,123,by_module_123
13,696,0.8666666666666667,0.13540372670807455,UCEC,by_module,123,by_module_123
14,755,0.9333333333333333,0.06211180124223603,UCEC,by_module,123,by_module_123
15,805,1,0,UCEC,by_module,123,by_module_123
